<?xml version="1.0" encoding="UTF-8"?>
<project-private xmlns="http://www.netbeans.org/ns/project-private/1">
    <editor-bookmarks xmlns="http://www.netbeans.org/ns/editor-bookmarks/2" lastBookmarkId="0"/>
    <open-files xmlns="http://www.netbeans.org/ns/projectui-open-files/2">
        <group>
            <file>file:/C:/Users/malik/Documents/NetBeansProjects/Factory_Method/src/factory_method/Triangle.java</file>
            <file>file:/C:/Users/malik/Documents/NetBeansProjects/Factory_Method/src/factory_method/SquareGeometry.java</file>
            <file>file:/C:/Users/malik/Documents/NetBeansProjects/Factory_Method/src/factory_method/Circle.java</file>
            <file>file:/C:/Users/malik/Documents/NetBeansProjects/Factory_Method/src/factory_method/CircleGeometry.java</file>
            <file>file:/C:/Users/malik/Documents/NetBeansProjects/Factory_Method/src/factory_method/Shape.java</file>
            <file>file:/C:/Users/malik/Documents/NetBeansProjects/Factory_Method/src/factory_method/Factory_Method.java</file>
            <file>file:/C:/Users/malik/Documents/NetBeansProjects/Factory_Method/src/factory_method/Geometry.java</file>
            <file>file:/C:/Users/malik/Documents/NetBeansProjects/Factory_Method/src/factory_method/TriangleGeometry.java</file>
            <file>file:/C:/Users/malik/Documents/NetBeansProjects/Factory_Method/src/factory_method/Square.java</file>
        </group>
    </open-files>
</project-private>
